CustomerID,Preferred_Theme
CusID_09654,New_UI
CusID_09727,Old_UI
CusID_07391,Old_UI
CusID_08577,New_UI
CusID_08122,Old_UI
CusID_06138,New_UI
CusID_00114,New_UI
CusID_02654,Old_UI
CusID_09381,New_UI
CusID_01541,New_UI
CusID_06607,New_UI
CusID_00371,Old_UI
CusID_05504,New_UI
CusID_00329,New_UI
CusID_09169,New_UI
CusID_07029,New_UI
CusID_02773,Old_UI
CusID_02051,New_UI
CusID_07077,New_UI
CusID_09063,New_UI
CusID_06682,Old_UI
CusID_01134,Old_UI
CusID_04232,New_UI
CusID_02720,Old_UI
CusID_00951,New_UI
CusID_07457,New_UI
CusID_01655,Old_UI
CusID_07191,New_UI
CusID_09941,New_UI
CusID_03886,Old_UI
CusID_08264,Old_UI
CusID_09669,New_UI
CusID_03529,New_UI
CusID_04467,Old_UI
CusID_07165,Old_UI
CusID_00863,New_UI
CusID_01553,Old_UI
CusID_08602,New_UI
CusID_05056,New_UI
CusID_01583,Old_UI
CusID_04198,Old_UI
CusID_00132,New_UI
CusID_05794,Old_UI
CusID_08524,New_UI
CusID_09530,New_UI
CusID_03407,Old_UI
CusID_07442,Old_UI
CusID_04377,New_UI
CusID_01687,New_UI
CusID_09402,New_UI
CusID_09648,New_UI
CusID_07445,Old_UI
CusID_06302,New_UI
CusID_03411,New_UI
CusID_05941,New_UI
CusID_09624,Old_UI
CusID_01124,New_UI
CusID_02484,New_UI
CusID_04723,Old_UI
CusID_07796,New_UI
CusID_08562,Old_UI
CusID_01118,New_UI
CusID_04707,New_UI
CusID_08825,New_UI
CusID_06692,New_UI
CusID_04209,New_UI
CusID_09841,Old_UI
CusID_09156,New_UI
CusID_02207,Old_UI
CusID_08723,New_UI
CusID_00706,New_UI
CusID_00109,New_UI
CusID_02228,New_UI
CusID_05542,Old_UI
CusID_04585,Old_UI
CusID_05855,Old_UI
CusID_09758,New_UI
CusID_06425,Old_UI
CusID_04557,New_UI
CusID_08377,Old_UI
CusID_01608,New_UI
CusID_01306,Old_UI
CusID_02306,New_UI
CusID_01940,New_UI
CusID_01241,Old_UI
CusID_07063,New_UI
CusID_07804,New_UI
CusID_09137,Old_UI
CusID_06475,New_UI
CusID_00189,New_UI
CusID_04423,New_UI
CusID_04961,Old_UI
CusID_06921,Old_UI
CusID_02660,Old_UI
CusID_01681,New_UI
CusID_05723,Old_UI
CusID_00161,Old_UI
CusID_06935,Old_UI
CusID_09630,New_UI
CusID_05298,New_UI
CusID_05156,Old_UI
CusID_07103,New_UI
CusID_09123,New_UI
CusID_09780,New_UI
CusID_04685,Old_UI
CusID_07352,Old_UI
CusID_07302,New_UI
CusID_07060,New_UI
CusID_05328,Old_UI
CusID_06930,New_UI
CusID_07304,New_UI
CusID_06366,Old_UI
CusID_02723,Old_UI
CusID_09977,Old_UI
CusID_04211,Old_UI
CusID_04041,New_UI
CusID_01051,Old_UI
CusID_00252,New_UI
CusID_01424,Old_UI
CusID_04719,New_UI
CusID_05611,New_UI
CusID_08035,New_UI
CusID_09803,New_UI
CusID_00869,New_UI
CusID_03127,Old_UI
CusID_07787,Old_UI
CusID_00417,New_UI
CusID_03497,New_UI
CusID_04103,New_UI
CusID_02112,Old_UI
CusID_07271,New_UI
CusID_08289,New_UI
CusID_03780,Old_UI
CusID_02081,New_UI
CusID_00466,New_UI
CusID_04746,New_UI
CusID_04586,Old_UI
CusID_07499,Old_UI
CusID_09467,Old_UI
CusID_07118,Old_UI
CusID_06905,New_UI
CusID_07997,Old_UI
CusID_09142,New_UI
CusID_00050,New_UI
CusID_05163,New_UI
CusID_05884,Old_UI
CusID_08349,New_UI
CusID_06026,New_UI
CusID_00464,New_UI
CusID_04766,New_UI
CusID_01303,Old_UI
CusID_09705,Old_UI
CusID_06005,Old_UI
CusID_03018,Old_UI
CusID_06861,Old_UI
CusID_08996,Old_UI
CusID_03135,Old_UI
CusID_06651,Old_UI
CusID_09217,New_UI
CusID_08263,New_UI
CusID_08836,Old_UI
CusID_05213,New_UI
CusID_03473,New_UI
CusID_03466,Old_UI
CusID_05852,New_UI
CusID_03534,Old_UI
CusID_02691,New_UI
CusID_03418,New_UI
CusID_00219,Old_UI
CusID_02379,New_UI
CusID_09129,New_UI
CusID_01772,Old_UI
CusID_04056,Old_UI
CusID_08413,Old_UI
CusID_07138,New_UI
CusID_05604,New_UI
CusID_05100,Old_UI
CusID_01325,Old_UI
CusID_02836,New_UI
CusID_06784,Old_UI
CusID_08138,Old_UI
CusID_05930,Old_UI
CusID_03376,Old_UI
CusID_04072,Old_UI
CusID_08466,Old_UI
CusID_02238,New_UI
CusID_03797,New_UI
CusID_00831,Old_UI
CusID_02025,Old_UI
CusID_08077,Old_UI
CusID_03361,Old_UI
CusID_07866,Old_UI
CusID_09915,New_UI
CusID_09522,Old_UI
CusID_05784,Old_UI
CusID_08712,Old_UI
CusID_09690,Old_UI
CusID_02204,Old_UI
CusID_01485,Old_UI
CusID_01555,Old_UI
CusID_08928,Old_UI
CusID_01922,New_UI
CusID_07393,Old_UI
CusID_03522,Old_UI
CusID_05465,Old_UI
CusID_01150,New_UI
CusID_09309,Old_UI
CusID_04562,Old_UI
CusID_05886,Old_UI
CusID_08160,Old_UI
CusID_05501,Old_UI
CusID_09281,Old_UI
CusID_08254,New_UI
CusID_03685,Old_UI
CusID_07821,New_UI
CusID_08132,New_UI
CusID_08957,New_UI
CusID_06452,Old_UI
CusID_07422,New_UI
CusID_07144,New_UI
CusID_05131,New_UI
CusID_04492,New_UI
CusID_06922,New_UI
CusID_07604,New_UI
CusID_04418,New_UI
CusID_08677,Old_UI
CusID_05579,Old_UI
CusID_03158,Old_UI
CusID_06503,Old_UI
CusID_08600,New_UI
CusID_02032,New_UI
CusID_08378,Old_UI
CusID_07795,New_UI
CusID_07258,Old_UI
CusID_00510,New_UI
CusID_06967,Old_UI
CusID_05613,New_UI
CusID_03948,Old_UI
CusID_03761,New_UI
CusID_03738,Old_UI
CusID_06140,New_UI
CusID_01012,New_UI
CusID_00004,New_UI
CusID_05109,Old_UI
CusID_05377,New_UI
CusID_07016,New_UI
CusID_07887,Old_UI
CusID_04061,New_UI
CusID_08790,New_UI
CusID_00261,New_UI
CusID_07305,Old_UI
CusID_08063,Old_UI
CusID_09916,New_UI
CusID_00225,New_UI
CusID_07627,New_UI
CusID_00633,New_UI
CusID_07107,New_UI
CusID_03618,New_UI
CusID_03698,Old_UI
CusID_02098,New_UI
CusID_03986,New_UI
CusID_00254,Old_UI
CusID_06153,New_UI
CusID_02644,New_UI
CusID_08636,New_UI
CusID_06369,New_UI
CusID_05627,New_UI
CusID_03074,New_UI
CusID_09270,New_UI
CusID_01750,New_UI
CusID_01565,Old_UI
CusID_06587,New_UI
CusID_09055,Old_UI
CusID_00760,Old_UI
CusID_05028,New_UI
CusID_07541,Old_UI
CusID_08515,Old_UI
CusID_05026,New_UI
CusID_01087,Old_UI
CusID_04906,New_UI
CusID_00701,New_UI
CusID_09182,New_UI
CusID_07873,Old_UI
CusID_02201,Old_UI
CusID_04487,Old_UI
CusID_01137,New_UI
CusID_06278,Old_UI
CusID_05976,New_UI
CusID_02065,New_UI
CusID_00353,New_UI
CusID_03949,Old_UI
CusID_01878,New_UI
CusID_02163,New_UI
CusID_00099,Old_UI
CusID_08519,Old_UI
CusID_08661,New_UI
CusID_03335,Old_UI
CusID_01942,New_UI
CusID_04025,New_UI
CusID_06384,Old_UI
CusID_03468,New_UI
CusID_08537,New_UI
CusID_01019,Old_UI
CusID_09292,Old_UI
CusID_00834,Old_UI
CusID_06104,New_UI
CusID_07534,New_UI
CusID_09439,Old_UI
CusID_08470,New_UI
CusID_06124,New_UI
CusID_02009,Old_UI
CusID_00365,Old_UI
CusID_01440,New_UI
CusID_01891,Old_UI
CusID_09415,Old_UI
CusID_05398,Old_UI
CusID_05925,Old_UI
CusID_03961,Old_UI
CusID_02521,New_UI
CusID_00159,New_UI
CusID_00556,Old_UI
CusID_05477,New_UI
CusID_08947,New_UI
CusID_02803,Old_UI
CusID_00965,New_UI
CusID_09004,New_UI
CusID_00376,New_UI
CusID_01972,New_UI
CusID_07111,Old_UI
CusID_03823,Old_UI
CusID_03503,Old_UI
CusID_05184,New_UI
CusID_06761,New_UI
CusID_06915,New_UI
CusID_03367,Old_UI
CusID_01437,New_UI
CusID_04958,Old_UI
CusID_08603,Old_UI
CusID_07898,New_UI
CusID_09106,Old_UI
CusID_05363,New_UI
CusID_03274,New_UI
CusID_05889,Old_UI
CusID_03117,New_UI
CusID_01991,Old_UI
CusID_07472,New_UI
CusID_02028,New_UI
CusID_09250,New_UI
CusID_00499,Old_UI
CusID_05576,New_UI
CusID_00136,Old_UI
CusID_03263,Old_UI
CusID_07371,Old_UI
CusID_01741,New_UI
CusID_03705,Old_UI
CusID_05623,Old_UI
CusID_05153,New_UI
CusID_01738,New_UI
CusID_02934,New_UI
CusID_04500,New_UI
CusID_01005,Old_UI
CusID_06374,New_UI
CusID_08195,Old_UI
CusID_01911,New_UI
CusID_09483,Old_UI
CusID_04621,Old_UI
CusID_09038,New_UI
CusID_07983,New_UI
CusID_07413,New_UI
CusID_00964,New_UI
CusID_07356,Old_UI
CusID_07010,New_UI
CusID_05891,Old_UI
CusID_08845,Old_UI
CusID_00934,New_UI
CusID_00116,Old_UI
CusID_04168,New_UI
CusID_07699,Old_UI
CusID_04170,New_UI
CusID_02115,New_UI
CusID_00176,New_UI
CusID_00228,New_UI
CusID_02327,New_UI
CusID_04978,Old_UI
CusID_04191,Old_UI
CusID_08541,Old_UI
CusID_03493,Old_UI
CusID_02561,Old_UI
CusID_04518,New_UI
CusID_00133,New_UI
CusID_02404,New_UI
CusID_01015,Old_UI
CusID_01818,New_UI
CusID_09611,Old_UI
CusID_09071,Old_UI
CusID_07929,New_UI
CusID_05431,Old_UI
CusID_09685,Old_UI
CusID_03927,Old_UI
CusID_01498,New_UI
CusID_04405,Old_UI
CusID_09628,New_UI
CusID_08708,Old_UI
CusID_08023,Old_UI
CusID_06877,New_UI
CusID_03679,New_UI
CusID_01183,Old_UI
CusID_03234,New_UI
CusID_09866,New_UI
CusID_09886,Old_UI
CusID_03370,New_UI
CusID_01954,New_UI
CusID_00657,Old_UI
CusID_04358,New_UI
CusID_03287,New_UI
CusID_02801,Old_UI
CusID_01254,Old_UI
CusID_02044,Old_UI
CusID_06963,New_UI
CusID_02992,New_UI
CusID_01215,New_UI
CusID_01144,New_UI
CusID_00017,Old_UI
CusID_06130,Old_UI
CusID_08041,Old_UI
CusID_00819,New_UI
CusID_08255,Old_UI
CusID_06443,Old_UI
CusID_07370,Old_UI
CusID_02722,New_UI
CusID_00180,Old_UI
CusID_04505,Old_UI
CusID_04254,Old_UI
CusID_07836,Old_UI
CusID_04099,Old_UI
CusID_05016,Old_UI
CusID_04945,Old_UI
CusID_06887,New_UI
CusID_05286,Old_UI
CusID_00918,New_UI
CusID_01753,Old_UI
CusID_05715,New_UI
CusID_06764,Old_UI
CusID_05483,Old_UI
CusID_03119,Old_UI
CusID_05047,New_UI
CusID_05811,New_UI
CusID_05308,New_UI
CusID_04695,Old_UI
CusID_08357,Old_UI
CusID_08110,New_UI
CusID_09799,Old_UI
CusID_08191,Old_UI
CusID_07320,Old_UI
CusID_06997,New_UI
CusID_01504,Old_UI
CusID_00322,Old_UI
CusID_01567,Old_UI
CusID_01746,Old_UI
CusID_01762,New_UI
CusID_08929,Old_UI
CusID_04224,New_UI
CusID_05820,New_UI
CusID_06670,New_UI
CusID_03958,New_UI
CusID_06105,New_UI
CusID_06923,Old_UI
CusID_05933,Old_UI
CusID_02736,New_UI
CusID_05987,Old_UI
CusID_01551,Old_UI
CusID_03071,Old_UI
CusID_00209,Old_UI
CusID_03665,Old_UI
CusID_09235,Old_UI
CusID_00198,New_UI
CusID_01123,Old_UI
CusID_05453,Old_UI
CusID_05637,New_UI
CusID_09925,Old_UI
CusID_02752,New_UI
CusID_02631,New_UI
CusID_08304,New_UI
CusID_08145,New_UI
CusID_04839,New_UI
CusID_00391,Old_UI
CusID_08555,Old_UI
CusID_05746,New_UI
CusID_09632,New_UI
CusID_03660,New_UI
CusID_02579,Old_UI
CusID_07902,Old_UI
CusID_00245,Old_UI
CusID_04731,New_UI
CusID_02742,New_UI
CusID_05684,Old_UI
CusID_02548,New_UI
CusID_00398,New_UI
CusID_06086,Old_UI
CusID_02932,New_UI
CusID_08278,New_UI
CusID_05921,Old_UI
CusID_03917,Old_UI
CusID_02322,Old_UI
CusID_00888,Old_UI
CusID_04335,Old_UI
CusID_01899,New_UI
CusID_07508,New_UI
CusID_02554,New_UI
CusID_03028,New_UI
CusID_06730,New_UI
CusID_00610,Old_UI
CusID_06822,New_UI
CusID_08598,New_UI
CusID_02264,New_UI
CusID_09670,New_UI
CusID_03404,Old_UI
CusID_07921,Old_UI
CusID_09418,New_UI
CusID_07055,New_UI
CusID_08084,Old_UI
CusID_04351,New_UI
CusID_05445,Old_UI
CusID_03479,New_UI
CusID_00185,Old_UI
CusID_09207,New_UI
CusID_05670,New_UI
CusID_02534,New_UI
CusID_07119,New_UI
CusID_07550,New_UI
CusID_04554,New_UI
CusID_00087,New_UI
CusID_06934,New_UI
CusID_02463,New_UI
CusID_05763,New_UI
CusID_02250,Old_UI
CusID_06436,New_UI
CusID_06209,Old_UI
CusID_04182,New_UI
CusID_06946,New_UI
CusID_07694,Old_UI
CusID_05555,New_UI
CusID_06751,New_UI
CusID_06646,New_UI
CusID_07008,New_UI
CusID_06817,New_UI
CusID_06617,New_UI
CusID_04461,New_UI
CusID_00158,New_UI
CusID_03344,New_UI
CusID_08295,Old_UI
CusID_03030,New_UI
CusID_09862,New_UI
CusID_06424,Old_UI
CusID_06805,Old_UI
CusID_08680,New_UI
CusID_04622,New_UI
CusID_03864,New_UI
CusID_06349,New_UI
CusID_01468,New_UI
CusID_09407,New_UI
CusID_07920,New_UI
CusID_01315,Old_UI
CusID_02308,New_UI
CusID_08989,Old_UI
CusID_03251,New_UI
CusID_08777,New_UI
CusID_00978,New_UI
CusID_03002,Old_UI
CusID_05072,New_UI
CusID_04604,Old_UI
CusID_09308,Old_UI
CusID_02908,New_UI
CusID_03399,New_UI
CusID_06994,Old_UI
CusID_06790,New_UI
CusID_05048,Old_UI
CusID_07556,Old_UI
CusID_05828,New_UI
CusID_03082,New_UI
CusID_05462,Old_UI
CusID_07483,Old_UI
CusID_07946,New_UI
CusID_03726,Old_UI
CusID_04631,Old_UI
CusID_01271,Old_UI
CusID_01730,New_UI
CusID_07549,New_UI
CusID_03934,Old_UI
CusID_08617,Old_UI
CusID_04062,New_UI
CusID_01691,Old_UI
CusID_00439,Old_UI
CusID_07719,New_UI
CusID_05720,New_UI
CusID_02198,Old_UI
CusID_06825,Old_UI
CusID_07072,New_UI
CusID_02407,New_UI
CusID_07762,New_UI
CusID_05209,Old_UI
CusID_07776,Old_UI
CusID_08755,Old_UI
CusID_03964,New_UI
CusID_05032,New_UI
CusID_01720,Old_UI
CusID_07828,Old_UI
CusID_01748,New_UI
CusID_08309,Old_UI
CusID_08233,Old_UI
CusID_02970,New_UI
CusID_03957,New_UI
CusID_06713,New_UI
CusID_02360,New_UI
CusID_08359,Old_UI
CusID_07594,New_UI
CusID_04160,Old_UI
CusID_08924,Old_UI
CusID_06810,Old_UI
CusID_01385,Old_UI
CusID_03487,New_UI
CusID_07968,New_UI
CusID_03538,New_UI
CusID_04131,New_UI
CusID_00511,New_UI
CusID_02487,New_UI
CusID_05975,Old_UI
CusID_08699,New_UI
CusID_01570,New_UI
CusID_02606,Old_UI
CusID_05283,New_UI
CusID_04468,New_UI
CusID_04615,Old_UI
CusID_07444,New_UI
CusID_02656,Old_UI
CusID_08373,New_UI
CusID_05837,Old_UI
CusID_06225,New_UI
CusID_05234,New_UI
CusID_01627,New_UI
CusID_06990,New_UI
CusID_05037,New_UI
CusID_09504,New_UI
CusID_03931,Old_UI
CusID_00518,Old_UI
CusID_00975,New_UI
CusID_00635,Old_UI
CusID_04527,New_UI
CusID_03280,Old_UI
CusID_03038,New_UI
CusID_01119,New_UI
CusID_04581,New_UI
CusID_06720,Old_UI
CusID_04292,Old_UI
CusID_01514,New_UI
CusID_01143,Old_UI
CusID_03248,Old_UI
CusID_09478,New_UI
CusID_05468,Old_UI
CusID_06304,Old_UI
CusID_03729,Old_UI
CusID_05111,Old_UI
CusID_04374,New_UI
CusID_00111,New_UI
CusID_08234,Old_UI
CusID_09073,New_UI
CusID_06691,Old_UI
CusID_08392,Old_UI
CusID_08509,Old_UI
CusID_03871,Old_UI
CusID_09919,Old_UI
CusID_03444,New_UI
CusID_09363,Old_UI
CusID_05079,Old_UI
CusID_08047,Old_UI
CusID_05959,New_UI
CusID_03356,New_UI
CusID_03036,Old_UI
CusID_08369,New_UI
CusID_01800,New_UI
CusID_09647,Old_UI
CusID_06896,New_UI
CusID_00312,Old_UI
CusID_09973,Old_UI
CusID_06486,New_UI
CusID_05586,New_UI
CusID_08323,Old_UI
CusID_03912,New_UI
CusID_02386,Old_UI
CusID_04526,New_UI
CusID_00183,New_UI
CusID_01204,New_UI
CusID_06787,Old_UI
CusID_01462,New_UI
CusID_08595,New_UI
CusID_06421,Old_UI
CusID_06961,Old_UI
CusID_05489,New_UI
CusID_04639,Old_UI
CusID_02283,Old_UI
CusID_08301,Old_UI
CusID_08199,New_UI
CusID_01761,New_UI
CusID_05907,New_UI
CusID_00631,New_UI
CusID_02297,Old_UI
CusID_05141,Old_UI
CusID_07198,Old_UI
CusID_00097,Old_UI
CusID_05479,Old_UI
CusID_09173,New_UI
CusID_09031,Old_UI
CusID_07607,Old_UI
CusID_01159,Old_UI
CusID_03354,Old_UI
CusID_09940,Old_UI
CusID_02847,Old_UI
CusID_08319,Old_UI
CusID_09029,Old_UI
CusID_06588,New_UI
CusID_08815,Old_UI
CusID_06356,New_UI
CusID_05360,Old_UI
CusID_01211,Old_UI
CusID_06345,New_UI
CusID_02938,New_UI
CusID_05384,Old_UI
CusID_03821,Old_UI
CusID_04481,Old_UI
CusID_09545,Old_UI
CusID_02700,New_UI
CusID_05898,Old_UI
CusID_00612,New_UI
CusID_07162,New_UI
CusID_03812,New_UI
CusID_07190,Old_UI
CusID_00054,New_UI
CusID_06097,New_UI
CusID_06294,Old_UI
CusID_05265,Old_UI
CusID_04881,Old_UI
CusID_08990,New_UI
CusID_01127,New_UI
CusID_02778,New_UI
CusID_08467,Old_UI
CusID_06496,New_UI
CusID_03307,Old_UI
CusID_06092,New_UI
CusID_09523,New_UI
CusID_09086,New_UI
CusID_04219,Old_UI
CusID_09005,Old_UI
CusID_07342,New_UI
CusID_09667,Old_UI
CusID_03697,New_UI
CusID_06710,New_UI
CusID_08988,New_UI
CusID_06551,Old_UI
CusID_09882,Old_UI
CusID_00756,Old_UI
CusID_00653,New_UI
CusID_05193,Old_UI
CusID_04922,New_UI
CusID_02590,Old_UI
CusID_07121,Old_UI
CusID_04563,Old_UI
CusID_07427,Old_UI
CusID_03687,Old_UI
CusID_07688,New_UI
CusID_00714,New_UI
CusID_04337,Old_UI
CusID_03777,New_UI
CusID_01883,New_UI
CusID_08843,Old_UI
CusID_04736,Old_UI
CusID_05825,Old_UI
CusID_09081,Old_UI
CusID_04233,New_UI
CusID_06909,Old_UI
CusID_05415,Old_UI
CusID_04716,New_UI
CusID_03456,New_UI
CusID_09717,New_UI
CusID_04997,Old_UI
CusID_01130,New_UI
CusID_07373,Old_UI
CusID_09334,New_UI
CusID_07468,New_UI
CusID_03398,New_UI
CusID_03021,New_UI
CusID_05273,New_UI
CusID_05110,New_UI
CusID_00164,New_UI
CusID_08104,Old_UI
CusID_02123,Old_UI
CusID_01305,Old_UI
CusID_05461,Old_UI
CusID_00765,Old_UI
CusID_09322,Old_UI
CusID_08415,Old_UI
CusID_09328,Old_UI
CusID_02866,Old_UI
CusID_03111,Old_UI
CusID_07337,Old_UI
CusID_02820,Old_UI
CusID_08819,Old_UI
CusID_02655,Old_UI
CusID_08992,Old_UI
CusID_08057,Old_UI
CusID_07779,New_UI
CusID_00440,New_UI
CusID_01670,New_UI
CusID_08331,New_UI
CusID_02513,New_UI
CusID_03648,Old_UI
CusID_03694,New_UI
CusID_04027,Old_UI
CusID_01372,New_UI
CusID_00844,New_UI
CusID_04150,New_UI
CusID_08930,New_UI
CusID_02018,New_UI
CusID_03851,Old_UI
CusID_09139,Old_UI
CusID_06672,Old_UI
CusID_08253,New_UI
CusID_07781,Old_UI
CusID_09289,Old_UI
CusID_05969,Old_UI
CusID_00129,New_UI
CusID_06180,Old_UI
CusID_08725,Old_UI
CusID_02408,New_UI
CusID_01544,Old_UI
CusID_02209,Old_UI
CusID_07408,Old_UI
CusID_03486,Old_UI
CusID_04772,New_UI
CusID_06219,New_UI
CusID_07353,New_UI
CusID_04672,New_UI
CusID_03712,New_UI
CusID_07374,Old_UI
CusID_06263,Old_UI
CusID_08317,Old_UI
CusID_08484,Old_UI
CusID_05086,Old_UI
CusID_03442,New_UI
CusID_02432,New_UI
CusID_01078,New_UI
CusID_02138,New_UI
CusID_02266,Old_UI
CusID_09333,New_UI
CusID_07407,New_UI
CusID_00066,Old_UI
CusID_07308,Old_UI
CusID_00921,New_UI
CusID_01326,New_UI
CusID_05899,New_UI
CusID_08060,Old_UI
CusID_01160,New_UI
CusID_08091,New_UI
CusID_02401,Old_UI
CusID_06305,New_UI
CusID_02409,New_UI
CusID_08409,New_UI
CusID_00338,New_UI
CusID_03801,Old_UI
CusID_01048,New_UI
CusID_08567,Old_UI
CusID_03240,New_UI
CusID_05015,Old_UI
CusID_08858,New_UI
CusID_07106,New_UI
CusID_06619,Old_UI
CusID_01534,Old_UI
CusID_04655,Old_UI
CusID_06798,Old_UI
CusID_00931,Old_UI
CusID_03184,Old_UI
CusID_07261,New_UI
CusID_04947,Old_UI
CusID_01890,New_UI
CusID_07179,New_UI
CusID_06938,Old_UI
CusID_02231,Old_UI
CusID_04154,New_UI
CusID_09371,Old_UI
CusID_06657,New_UI
CusID_01537,New_UI
CusID_08770,New_UI
CusID_04724,Old_UI
CusID_09775,Old_UI
CusID_08025,Old_UI
CusID_09761,New_UI
CusID_08423,Old_UI
CusID_01781,Old_UI
CusID_09183,Old_UI
CusID_03035,Old_UI
CusID_07780,New_UI
CusID_02745,Old_UI
CusID_06083,Old_UI
CusID_04166,New_UI
CusID_01314,New_UI
CusID_05463,New_UI
CusID_08259,New_UI
CusID_06291,New_UI
CusID_04429,Old_UI
CusID_02637,Old_UI
CusID_07511,New_UI
CusID_06439,New_UI
CusID_08220,New_UI
CusID_04790,New_UI
CusID_04199,Old_UI
CusID_01227,Old_UI
CusID_03579,New_UI
CusID_08416,Old_UI
CusID_01699,Old_UI
CusID_00872,New_UI
CusID_02848,Old_UI
CusID_04817,Old_UI
CusID_01429,Old_UI
CusID_04470,New_UI
CusID_08950,Old_UI
CusID_00206,New_UI
CusID_01425,New_UI
CusID_03717,New_UI
CusID_04332,New_UI
CusID_04909,New_UI
CusID_02415,Old_UI
CusID_01220,New_UI
CusID_03455,Old_UI
CusID_09830,New_UI
CusID_09956,New_UI
CusID_00422,Old_UI
CusID_06461,New_UI
CusID_06033,Old_UI
CusID_09813,New_UI
CusID_02212,New_UI
CusID_07495,Old_UI
CusID_01416,New_UI
CusID_03423,New_UI
CusID_01807,Old_UI
CusID_01970,Old_UI
CusID_01450,New_UI
CusID_09798,New_UI
CusID_01307,Old_UI
CusID_04017,New_UI
CusID_08051,Old_UI
CusID_07985,Old_UI
CusID_09585,Old_UI
CusID_04756,New_UI
CusID_08223,Old_UI
CusID_04676,New_UI
CusID_04312,New_UI
CusID_05645,Old_UI
CusID_09339,New_UI
CusID_04502,Old_UI
CusID_05598,New_UI
CusID_05101,Old_UI
CusID_05502,New_UI
CusID_02358,New_UI
CusID_07774,New_UI
CusID_03956,New_UI
CusID_00853,Old_UI
CusID_04525,Old_UI
CusID_03846,Old_UI
CusID_09736,New_UI
CusID_01337,New_UI
CusID_04201,Old_UI
CusID_04060,Old_UI
CusID_07867,Old_UI
CusID_01581,New_UI
CusID_00644,New_UI
CusID_00246,Old_UI
CusID_04705,New_UI
CusID_08854,Old_UI
CusID_04941,Old_UI
CusID_05632,Old_UI
CusID_08984,New_UI
CusID_01900,New_UI
CusID_08991,New_UI
CusID_05353,Old_UI
CusID_07676,New_UI
CusID_02164,Old_UI
CusID_02576,Old_UI
CusID_00769,New_UI
CusID_02502,New_UI
CusID_09975,New_UI
CusID_08553,New_UI
CusID_02735,Old_UI
CusID_08007,New_UI
CusID_03688,New_UI
CusID_02213,Old_UI
CusID_04297,New_UI
CusID_03918,New_UI
CusID_03546,Old_UI
CusID_06000,New_UI
CusID_09769,Old_UI
CusID_01089,New_UI
CusID_04186,New_UI
CusID_02904,New_UI
CusID_05373,New_UI
CusID_09698,New_UI
CusID_04503,New_UI
CusID_05940,New_UI
CusID_07230,New_UI
CusID_06727,Old_UI
CusID_08800,Old_UI
CusID_02453,Old_UI
CusID_08386,New_UI
CusID_09053,Old_UI
CusID_08009,Old_UI
CusID_08107,Old_UI
CusID_05267,Old_UI
CusID_00331,Old_UI
CusID_02870,New_UI
CusID_04210,New_UI
CusID_09683,Old_UI
CusID_06117,Old_UI
CusID_09657,New_UI
CusID_03079,Old_UI
CusID_02217,New_UI
CusID_02628,New_UI
CusID_09032,Old_UI
CusID_00536,New_UI
CusID_05160,Old_UI
CusID_05416,Old_UI
CusID_07127,Old_UI
CusID_09229,Old_UI
CusID_03588,New_UI
CusID_04975,Old_UI
CusID_05486,New_UI
CusID_08747,Old_UI
CusID_00860,New_UI
CusID_07503,Old_UI
CusID_06854,New_UI
CusID_05498,Old_UI
CusID_08513,New_UI
CusID_07268,Old_UI
CusID_06430,Old_UI
CusID_00156,New_UI
CusID_04334,New_UI
CusID_08525,Old_UI
CusID_01786,New_UI
CusID_06038,New_UI
CusID_06976,New_UI
CusID_07341,New_UI
CusID_09047,New_UI
CusID_04446,Old_UI
CusID_09164,New_UI
CusID_02890,New_UI
CusID_03084,Old_UI
CusID_04989,New_UI
CusID_01133,Old_UI
CusID_07177,New_UI
CusID_09442,Old_UI
CusID_09186,Old_UI
CusID_07116,New_UI
CusID_09548,Old_UI
CusID_07533,New_UI
CusID_04059,New_UI
CusID_01390,New_UI
CusID_03430,New_UI
CusID_00083,New_UI
CusID_02150,New_UI
CusID_01268,New_UI
CusID_01962,Old_UI
CusID_01403,New_UI
CusID_01417,New_UI
CusID_03115,Old_UI
CusID_05350,New_UI
CusID_03776,New_UI
CusID_05700,New_UI
CusID_02045,New_UI
CusID_02832,New_UI
CusID_00248,Old_UI
CusID_09254,New_UI
CusID_07492,New_UI
CusID_03810,New_UI
CusID_01020,New_UI
CusID_03798,New_UI
CusID_04329,Old_UI
CusID_00473,Old_UI
CusID_09934,Old_UI
CusID_02295,Old_UI
CusID_02815,Old_UI
CusID_09927,New_UI
CusID_06340,Old_UI
CusID_08962,Old_UI
CusID_02249,New_UI
CusID_03088,Old_UI
CusID_07437,New_UI
CusID_04477,Old_UI
CusID_03953,Old_UI
CusID_09178,New_UI
CusID_08134,New_UI
CusID_08242,New_UI
CusID_07964,Old_UI
CusID_04544,New_UI
CusID_06886,Old_UI
CusID_07415,Old_UI
CusID_04145,Old_UI
CusID_00720,Old_UI
CusID_02943,New_UI
CusID_03391,Old_UI
CusID_06623,Old_UI
CusID_07555,Old_UI
CusID_00163,Old_UI
CusID_02303,New_UI
CusID_05557,Old_UI
CusID_04257,New_UI
CusID_06267,Old_UI
CusID_00372,New_UI
CusID_04849,Old_UI
CusID_04552,New_UI
CusID_00738,New_UI
CusID_04616,Old_UI
CusID_08885,Old_UI
CusID_00641,Old_UI
CusID_00409,Old_UI
CusID_02284,New_UI
CusID_00141,New_UI
CusID_06266,New_UI
CusID_05590,New_UI
CusID_02989,Old_UI
CusID_07476,Old_UI
CusID_09385,Old_UI
CusID_01156,New_UI
CusID_08560,New_UI
CusID_08609,Old_UI
CusID_03915,Old_UI
CusID_07095,Old_UI
CusID_09609,New_UI
CusID_03587,Old_UI
CusID_09455,New_UI
CusID_01081,New_UI
CusID_00591,New_UI
CusID_07971,New_UI
CusID_00726,New_UI
CusID_09040,New_UI
CusID_08520,Old_UI
CusID_05532,New_UI
CusID_02633,Old_UI
CusID_09249,New_UI
CusID_04029,New_UI
CusID_07637,New_UI
CusID_04962,New_UI
CusID_05001,Old_UI
CusID_07187,Old_UI
CusID_05704,New_UI
CusID_06429,Old_UI
CusID_02675,Old_UI
CusID_04310,New_UI
CusID_07433,Old_UI
CusID_08741,Old_UI
CusID_03714,Old_UI
CusID_09282,New_UI
CusID_01350,New_UI
CusID_09193,Old_UI
CusID_01651,Old_UI
CusID_09238,Old_UI
CusID_09682,New_UI
CusID_03548,New_UI
CusID_00270,New_UI
CusID_04567,Old_UI
CusID_06499,New_UI
CusID_02585,Old_UI
CusID_08464,Old_UI
CusID_07105,Old_UI
CusID_07517,Old_UI
CusID_09876,New_UI
CusID_07601,Old_UI
CusID_04030,New_UI
CusID_03850,New_UI
CusID_09214,New_UI
CusID_00426,Old_UI
CusID_00550,New_UI
CusID_05603,New_UI
CusID_05865,New_UI
CusID_09037,New_UI
CusID_00009,Old_UI
CusID_02724,New_UI
CusID_06363,New_UI
CusID_05988,New_UI
CusID_06169,Old_UI
CusID_01008,Old_UI
CusID_00330,New_UI
CusID_09072,New_UI
CusID_09094,New_UI
CusID_00190,New_UI
CusID_09580,New_UI
CusID_00490,New_UI
CusID_03943,Old_UI
CusID_00423,New_UI
CusID_09731,New_UI
CusID_07000,Old_UI
CusID_03148,New_UI
CusID_05666,New_UI
CusID_08248,New_UI
CusID_01094,New_UI
CusID_05827,Old_UI
CusID_02804,New_UI
CusID_09058,New_UI
CusID_04861,Old_UI
CusID_09518,New_UI
CusID_00106,Old_UI
CusID_01978,New_UI
CusID_04316,Old_UI
CusID_03924,New_UI
CusID_04456,New_UI
CusID_00096,New_UI
CusID_06022,Old_UI
CusID_00487,Old_UI
CusID_03174,New_UI
CusID_01006,Old_UI
CusID_06251,New_UI
CusID_05863,Old_UI
CusID_04427,Old_UI
CusID_02130,New_UI
CusID_05440,Old_UI
CusID_06630,Old_UI
CusID_09583,Old_UI
CusID_04981,Old_UI
CusID_00630,Old_UI
CusID_00341,Old_UI
CusID_06597,New_UI
CusID_02994,Old_UI
CusID_04207,Old_UI
CusID_02947,Old_UI
CusID_03380,Old_UI
CusID_01977,Old_UI
CusID_02430,New_UI
CusID_06706,Old_UI
CusID_03676,New_UI
CusID_04761,New_UI
CusID_07797,Old_UI
CusID_00567,New_UI
CusID_04896,New_UI
CusID_00573,New_UI
CusID_06352,Old_UI
CusID_05566,New_UI
CusID_06274,Old_UI
CusID_00786,New_UI
CusID_09694,New_UI
CusID_04122,Old_UI
CusID_03270,Old_UI
CusID_09826,Old_UI
CusID_05038,Old_UI
CusID_04032,Old_UI
CusID_02224,New_UI
CusID_00442,Old_UI
CusID_00545,New_UI
CusID_03226,New_UI
CusID_01833,Old_UI
CusID_03572,New_UI
CusID_04475,Old_UI
CusID_01071,Old_UI
CusID_08307,Old_UI
CusID_08387,New_UI
CusID_03097,Old_UI
CusID_09877,New_UI
CusID_09722,New_UI
CusID_02620,New_UI
CusID_01055,Old_UI
CusID_02241,New_UI
CusID_04690,New_UI
CusID_05323,New_UI
CusID_09911,New_UI
CusID_04729,New_UI
CusID_02236,New_UI
CusID_03244,New_UI
CusID_03408,Old_UI
CusID_07939,Old_UI
CusID_05092,Old_UI
CusID_09067,New_UI
CusID_04355,Old_UI
CusID_05439,Old_UI
CusID_00747,New_UI
CusID_00972,New_UI
CusID_06765,New_UI
CusID_00553,Old_UI
CusID_07254,Old_UI
CusID_00603,Old_UI
CusID_08678,New_UI
CusID_04964,New_UI
CusID_05840,New_UI
CusID_08639,Old_UI
CusID_00403,New_UI
CusID_03875,Old_UI
CusID_09954,New_UI
CusID_06585,Old_UI
CusID_08010,Old_UI
CusID_06739,Old_UI
CusID_09279,Old_UI
CusID_00452,Old_UI
CusID_04388,New_UI
CusID_04858,Old_UI
CusID_07910,New_UI
CusID_03835,Old_UI
CusID_09197,New_UI
CusID_07815,New_UI
CusID_03983,New_UI
CusID_07786,New_UI
CusID_07210,Old_UI
CusID_09346,Old_UI
CusID_00006,New_UI
CusID_03547,New_UI
CusID_09209,Old_UI
CusID_08174,Old_UI
CusID_07844,New_UI
CusID_01206,Old_UI
CusID_07490,New_UI
CusID_09370,New_UI
CusID_01192,Old_UI
CusID_01169,New_UI
CusID_09952,Old_UI
CusID_08167,New_UI
CusID_04960,New_UI
CusID_02743,Old_UI
CusID_00570,New_UI
CusID_08615,Old_UI
CusID_00707,New_UI
CusID_09497,Old_UI
CusID_08353,Old_UI
CusID_06119,Old_UI
CusID_04391,Old_UI
CusID_07446,Old_UI
CusID_09391,Old_UI
CusID_06716,New_UI
CusID_09708,Old_UI
CusID_02833,Old_UI
CusID_01077,Old_UI
CusID_02183,Old_UI
CusID_05217,New_UI
CusID_06158,New_UI
CusID_02239,Old_UI
CusID_01562,New_UI
CusID_00928,Old_UI
CusID_08014,Old_UI
CusID_06553,Old_UI
CusID_03539,Old_UI
CusID_07799,Old_UI
CusID_00424,New_UI
CusID_02553,Old_UI
CusID_09304,New_UI
CusID_00636,New_UI
CusID_06680,New_UI
CusID_08961,New_UI
CusID_03500,Old_UI
CusID_02066,Old_UI
CusID_04714,New_UI
CusID_05469,New_UI
CusID_05272,New_UI
CusID_02454,New_UI
CusID_09875,New_UI
CusID_04403,New_UI
CusID_07479,New_UI
CusID_02839,Old_UI
CusID_09984,New_UI
CusID_02288,New_UI
CusID_08666,New_UI
CusID_07431,New_UI
CusID_05651,Old_UI
CusID_09171,New_UI
CusID_00588,New_UI
CusID_07061,Old_UI
CusID_09521,Old_UI
CusID_03029,Old_UI
CusID_07908,New_UI
CusID_04493,Old_UI
CusID_02464,Old_UI
CusID_01989,New_UI
CusID_08031,Old_UI
CusID_06842,Old_UI
CusID_01447,New_UI
CusID_01145,Old_UI
CusID_04583,Old_UI
CusID_06813,New_UI
CusID_06019,Old_UI
CusID_02090,Old_UI
CusID_07570,Old_UI
CusID_05663,New_UI
CusID_02909,Old_UI
CusID_01099,Old_UI
CusID_03644,New_UI
CusID_09899,New_UI
CusID_04929,New_UI
CusID_01484,Old_UI
CusID_04795,New_UI
CusID_07021,Old_UI
CusID_05546,New_UI
CusID_05505,Old_UI
CusID_05014,New_UI
CusID_07298,New_UI
CusID_09168,New_UI
CusID_02789,Old_UI
CusID_07895,Old_UI
CusID_08203,Old_UI
CusID_02543,Old_UI
CusID_03310,New_UI
CusID_06753,New_UI
CusID_05776,Old_UI
CusID_02837,Old_UI
CusID_08523,Old_UI
CusID_01685,Old_UI
CusID_07959,New_UI
CusID_05511,Old_UI
CusID_05008,New_UI
CusID_03684,Old_UI
CusID_05071,New_UI
CusID_01210,Old_UI
CusID_03339,New_UI
CusID_00480,New_UI
CusID_00549,Old_UI
CusID_06132,New_UI
CusID_05515,Old_UI
CusID_02188,New_UI
CusID_01266,New_UI
CusID_05669,Old_UI
CusID_05402,New_UI
CusID_02272,New_UI
CusID_08451,New_UI
CusID_00998,New_UI
CusID_02765,Old_UI
CusID_00214,Old_UI
CusID_07004,Old_UI
CusID_09460,Old_UI
CusID_04619,Old_UI
CusID_00441,New_UI
CusID_08713,New_UI
CusID_08179,Old_UI
CusID_08083,Old_UI
CusID_00386,Old_UI
CusID_00891,Old_UI
CusID_04733,Old_UI
CusID_04521,New_UI
CusID_00623,Old_UI
CusID_00728,Old_UI
CusID_07174,Old_UI
CusID_04381,New_UI
CusID_09161,Old_UI
CusID_04482,Old_UI
CusID_08441,Old_UI
CusID_06808,New_UI
CusID_05099,Old_UI
CusID_03414,New_UI
CusID_06515,New_UI
CusID_03401,Old_UI
CusID_02478,Old_UI
CusID_01661,Old_UI
CusID_08026,Old_UI
CusID_03426,Old_UI
CusID_09570,Old_UI
CusID_03768,Old_UI
CusID_04371,New_UI
CusID_07764,Old_UI
CusID_09025,Old_UI
CusID_06084,New_UI
CusID_07135,Old_UI
CusID_04602,New_UI
CusID_01515,Old_UI
CusID_00014,New_UI
CusID_01377,New_UI
CusID_01546,New_UI
CusID_00916,New_UI
CusID_09022,New_UI
CusID_04101,New_UI
CusID_03165,Old_UI
CusID_01958,New_UI
CusID_08502,Old_UI
CusID_01380,Old_UI
CusID_02019,Old_UI
CusID_00548,New_UI
CusID_09361,New_UI
CusID_08129,Old_UI
CusID_07606,New_UI
CusID_03962,Old_UI
CusID_00378,Old_UI
CusID_06613,Old_UI
CusID_00060,Old_UI
CusID_08224,Old_UI
CusID_02229,New_UI
CusID_05437,Old_UI
CusID_06624,New_UI
CusID_06125,New_UI
CusID_07721,Old_UI
CusID_00606,New_UI
CusID_09107,Old_UI
CusID_02896,New_UI
CusID_08483,Old_UI
CusID_02520,New_UI
CusID_08086,Old_UI
CusID_09640,New_UI
CusID_06712,New_UI
CusID_01982,New_UI
CusID_01975,Old_UI
CusID_08501,New_UI
CusID_04628,Old_UI
CusID_06541,Old_UI
CusID_04300,New_UI
CusID_06249,New_UI
CusID_09601,Old_UI
CusID_06699,Old_UI
CusID_05815,Old_UI
CusID_09960,New_UI
CusID_06749,Old_UI
CusID_00416,New_UI
CusID_07740,New_UI
CusID_00042,Old_UI
CusID_09734,New_UI
CusID_03476,New_UI
CusID_06535,Old_UI
CusID_04176,New_UI
CusID_00684,New_UI
CusID_08910,New_UI
CusID_06299,New_UI
CusID_02007,Old_UI
CusID_04158,New_UI
CusID_06145,Old_UI
CusID_01963,New_UI
CusID_00945,New_UI
CusID_04568,New_UI
CusID_05894,New_UI
CusID_01557,Old_UI
CusID_02571,New_UI
CusID_09589,Old_UI
CusID_00626,New_UI
CusID_00481,Old_UI
CusID_08547,Old_UI
CusID_01835,Old_UI
CusID_06001,Old_UI
CusID_06275,Old_UI
CusID_07176,Old_UI
CusID_02041,New_UI
CusID_06113,Old_UI
CusID_04275,New_UI
CusID_08619,Old_UI
CusID_08125,Old_UI
CusID_09874,New_UI
CusID_04026,Old_UI
CusID_07855,Old_UI
CusID_04977,New_UI
CusID_01871,Old_UI
CusID_01374,Old_UI
CusID_03545,Old_UI
CusID_09946,Old_UI
CusID_02457,New_UI
CusID_01684,New_UI
CusID_01860,New_UI
CusID_07212,New_UI
CusID_03621,Old_UI
CusID_08838,New_UI
CusID_01805,New_UI
CusID_05233,New_UI
CusID_02363,Old_UI
CusID_01402,Old_UI
CusID_09932,Old_UI
CusID_06450,Old_UI
CusID_07026,Old_UI
CusID_09351,New_UI
CusID_00220,New_UI
CusID_05583,New_UI
CusID_05247,Old_UI
CusID_08410,Old_UI
CusID_05179,New_UI
CusID_03290,New_UI
CusID_03413,New_UI
CusID_08351,New_UI
CusID_05123,Old_UI
CusID_08131,Old_UI
CusID_07064,Old_UI
CusID_07053,Old_UI
CusID_00727,Old_UI
CusID_01246,Old_UI
CusID_01882,New_UI
CusID_00648,New_UI
CusID_04998,Old_UI
CusID_00528,New_UI
CusID_08235,Old_UI
CusID_09846,Old_UI
CusID_08893,Old_UI
CusID_06357,New_UI
CusID_07851,New_UI
CusID_01233,Old_UI
CusID_05180,New_UI
CusID_00091,Old_UI
CusID_00501,New_UI
CusID_03065,Old_UI
CusID_09592,New_UI
CusID_04902,New_UI
CusID_02607,New_UI
CusID_06453,Old_UI
CusID_01056,New_UI
CusID_00095,Old_UI
CusID_01861,Old_UI
CusID_08569,New_UI
CusID_04483,New_UI
CusID_02247,New_UI
CusID_02888,New_UI
CusID_08316,New_UI
CusID_05447,Old_UI
CusID_00281,New_UI
CusID_07755,Old_UI
CusID_03992,New_UI
CusID_01242,New_UI
CusID_02514,Old_UI
CusID_01719,New_UI
CusID_06260,New_UI
CusID_06247,New_UI
CusID_08599,Old_UI
CusID_01825,New_UI
CusID_01703,Old_UI
CusID_09140,New_UI
CusID_07960,New_UI
CusID_04479,New_UI
CusID_07263,Old_UI
CusID_02593,Old_UI
CusID_03935,Old_UI
CusID_00309,Old_UI
CusID_06654,New_UI
CusID_07253,Old_UI
CusID_04754,New_UI
CusID_05662,New_UI
CusID_05877,New_UI
CusID_08522,New_UI
CusID_08611,Old_UI
CusID_00144,New_UI
CusID_01668,New_UI
CusID_07720,New_UI
CusID_08274,Old_UI
CusID_08420,New_UI
CusID_00766,New_UI
CusID_05698,New_UI
CusID_09590,Old_UI
CusID_08300,New_UI
CusID_05596,New_UI
CusID_04762,Old_UI
CusID_04973,New_UI
CusID_04748,New_UI
CusID_00519,Old_UI
CusID_05299,Old_UI
CusID_06007,Old_UI
CusID_06954,New_UI
CusID_07635,Old_UI
CusID_09859,Old_UI
CusID_05017,New_UI
CusID_04812,New_UI
CusID_04612,New_UI
CusID_03728,New_UI
CusID_04272,New_UI
CusID_07777,Old_UI
CusID_07384,New_UI
CusID_02744,New_UI
CusID_07901,Old_UI
CusID_01146,New_UI
CusID_04569,New_UI
CusID_09135,Old_UI
CusID_09050,New_UI
CusID_01895,Old_UI
CusID_05274,Old_UI
CusID_00174,Old_UI
CusID_02948,New_UI
CusID_06400,New_UI
CusID_09595,New_UI
CusID_05506,New_UI
CusID_09516,Old_UI
CusID_05580,New_UI
CusID_06799,New_UI
CusID_03988,New_UI
CusID_00774,New_UI
CusID_07220,New_UI
CusID_09623,Old_UI
CusID_03976,New_UI
CusID_04366,New_UI
CusID_05795,Old_UI
CusID_02821,New_UI
CusID_08156,Old_UI
CusID_07361,Old_UI
CusID_04079,Old_UI
CusID_00683,New_UI
CusID_04845,New_UI
CusID_00196,New_UI
CusID_06050,New_UI
CusID_04656,Old_UI
CusID_03887,Old_UI
CusID_06850,Old_UI
CusID_04938,New_UI
CusID_00925,Old_UI
CusID_08029,Old_UI
CusID_06925,Old_UI
CusID_05783,New_UI
CusID_00585,New_UI
CusID_03394,New_UI
CusID_09990,Old_UI
CusID_00969,New_UI
CusID_09885,New_UI
CusID_00624,New_UI
CusID_03972,New_UI
CusID_01894,Old_UI
CusID_06869,Old_UI
CusID_03982,New_UI
CusID_08675,Old_UI
CusID_01778,Old_UI
CusID_05070,New_UI
CusID_09020,New_UI
CusID_07656,Old_UI
CusID_06096,Old_UI
CusID_06270,Old_UI
CusID_02385,New_UI
CusID_05749,Old_UI
CusID_06552,Old_UI
CusID_08540,Old_UI
CusID_03402,Old_UI
CusID_03703,Old_UI
CusID_09662,New_UI
CusID_00782,Old_UI
CusID_08791,Old_UI
CusID_09944,New_UI
CusID_01043,Old_UI
CusID_07785,Old_UI
CusID_03055,Old_UI
CusID_08769,Old_UI
CusID_08702,Old_UI
CusID_05735,New_UI
CusID_05337,Old_UI
CusID_03996,New_UI
CusID_05602,New_UI
CusID_06224,New_UI
CusID_01355,Old_UI
CusID_01231,Old_UI
CusID_00843,Old_UI
CusID_05714,New_UI
CusID_08313,Old_UI
CusID_08510,New_UI
CusID_01550,Old_UI
CusID_08587,New_UI
CusID_02577,Old_UI
CusID_04592,New_UI
CusID_07745,Old_UI
CusID_07136,Old_UI
CusID_05919,New_UI
CusID_00239,Old_UI
CusID_09170,Old_UI
CusID_00204,Old_UI
CusID_09093,New_UI
CusID_08566,Old_UI
CusID_05183,Old_UI
CusID_04298,New_UI
CusID_04049,New_UI
CusID_08455,Old_UI
CusID_08649,Old_UI
CusID_03409,New_UI
CusID_03008,Old_UI
CusID_03615,New_UI
CusID_06743,Old_UI
CusID_04196,Old_UI
CusID_00785,Old_UI
CusID_03782,Old_UI
CusID_00107,New_UI
CusID_04624,New_UI
CusID_00314,New_UI
CusID_05535,Old_UI
CusID_01718,New_UI
CusID_05045,Old_UI
CusID_05575,Old_UI
CusID_02177,New_UI
CusID_09417,New_UI
CusID_09496,New_UI
CusID_08126,New_UI
CusID_09524,New_UI
CusID_02911,Old_UI
CusID_04987,Old_UI
CusID_09474,Old_UI
CusID_04449,Old_UI
CusID_03208,New_UI
CusID_05657,Old_UI
CusID_00500,Old_UI
CusID_06017,New_UI
CusID_04223,New_UI
CusID_02684,New_UI
CusID_07294,Old_UI
CusID_00997,Old_UI
CusID_01540,New_UI
CusID_08407,Old_UI
CusID_04222,New_UI
CusID_06137,Old_UI
CusID_07673,Old_UI
CusID_01107,New_UI
CusID_07879,Old_UI
CusID_06089,Old_UI
CusID_01362,New_UI
CusID_08754,New_UI
CusID_06330,New_UI
CusID_00127,Old_UI
CusID_05284,Old_UI
CusID_01688,New_UI
CusID_05430,Old_UI
CusID_06287,Old_UI
CusID_02912,New_UI
CusID_00489,Old_UI
CusID_07172,New_UI
CusID_03932,Old_UI
CusID_05121,New_UI
CusID_05640,New_UI
CusID_06256,Old_UI
CusID_06418,New_UI
CusID_06621,New_UI
CusID_00532,New_UI
CusID_02174,New_UI
CusID_08788,New_UI
CusID_03083,New_UI
CusID_00037,New_UI
CusID_03641,Old_UI
CusID_02767,Old_UI
CusID_05219,New_UI
CusID_04294,New_UI
CusID_00854,Old_UI
CusID_06341,Old_UI
CusID_08178,New_UI
CusID_00806,New_UI
CusID_07375,Old_UI
CusID_07366,New_UI
CusID_07648,Old_UI
CusID_00846,New_UI
CusID_04216,New_UI
CusID_09134,Old_UI
CusID_07715,Old_UI
CusID_08974,Old_UI
CusID_06614,New_UI
CusID_04262,Old_UI
CusID_00323,New_UI
CusID_04173,New_UI
CusID_08443,Old_UI
CusID_09423,New_UI
CusID_04924,New_UI
CusID_02813,New_UI
CusID_02237,Old_UI
CusID_02411,New_UI
CusID_00884,New_UI
CusID_04834,New_UI
CusID_06283,Old_UI
CusID_02880,Old_UI
CusID_04627,Old_UI
CusID_06215,Old_UI
CusID_02254,New_UI
CusID_00977,New_UI
CusID_00148,Old_UI
CusID_04876,Old_UI
CusID_05091,Old_UI
